Task ID,TF1,TF2,TF3,TF5,TF7,TF9,TF11,TF13,TF16,TF17,TF18,TF19,TF20,TF21,TF23,TF27,TF32,TF33,TF35,TF37,TF38,TF39,TF46,TF47,TF52,TF55,TF61,TF64,TF67,TF69,TF85,TF105,TF109,TF113
T1,1.3061895717406329,0.3587714510332812,1.2373663616315547,0.9755308213371879,0.49204869694596354,-0.42531876262794877,-0.045737171901936935,1.655600089169534,-0.976970012072334,-1.80400803831975,-1.9624514168700518,-1.3113345833622712,-2.4582908302178565,0.4173246770713086,-0.672736720515297,-0.04033374058383203,-0.7336151307904007,-1.1185859998495888,0.23855936180684906,0.6669706500873016,0.45365081226813375,-0.5269426679776863,-0.31180498633269116,0.5016020547300137,-0.7535863658847599,-1.2031772858855585,-0.5088378824173412,0.5088378824173401,-0.866368321428226,-1.1677299142659512,-0.5287888500512145,-0.5553103264180588,-1.3762054352469903,-0.0637356260414812
T2,-0.44421071131353906,0.7936292701678744,-1.496382720882899,-0.6567257812698463,1.94253238408826,-2.304833522881466,-0.4557945751606766,-1.492105052115852,2.616017573441672,1.3986807636715362,-0.4048518062300158,0.3111408695462239,-2.36398705627689,-2.0698535581987905,-1.8077501765759412,-1.3246691667071167,1.0303437237265411,-0.7446675052550041,0.23855936180684906,-0.8808630024373098,-0.8716212235713569,1.2757559329986068,-1.4924258083690904,0.5016020547300137,2.129190938323933,-1.508472758556585,-1.0857180398090933,1.0857180398090933,-0.8660628866150926,-1.1677299142659512,-1.2208165781279907,1.3676167694262777,-0.3643937983970119,0.516395072276779
T3,2.0284933030009387,-0.14628763038312984,0.3878204395823942,-0.19996039700688287,-0.2331931466251845,-1.007499220890492,-0.4557945751606766,0.0006092210686346667,-0.24400621552725682,-1.5508375982760059,-2.1558683221524575,-1.3113345833622712,0.3551050923543092,-1.0042816073351077,-0.6129991701963157,-0.3908186752956428,-0.9022897678770699,-1.317500371208822,0.23855936180684906,-0.8418194184101712,-0.20898520565161158,-1.7287417352952152,-0.7053452603448236,0.5016020547300137,0.06582686142086215,-0.5925863405435055,-0.3165444966200901,0.31654449662009115,-0.8690444158505802,-1.1677299142659512,-1.4016504692546594,-0.2717785429098201,-1.175756610266,1.0419252342827323
T4,2.3448307035528977,1.6646449318126502,1.690463223946175,-0.020522424871176455,0.34700032823173377,-1.9491918504839267,-0.4557945751606766,-0.5334986829797465,2.2656819870423055,1.297247116778193,-0.2434077675854172,0.3111408695462239,-2.4582908302178565,-2.1702518655248224,-0.49352406955835315,-1.205860714262435,0.2019321415642154,-1.3625013502250867,0.23855936180684906,0.6031087349085346,-0.8716212235713569,-1.1278422016364504,-1.8859660823812234,0.035828718195001066,3.1098913845788516,-0.4908211829864966,-0.5088378824173412,0.5088378824173401,-0.866172114958862,-1.1677299142659512,-0.5922200584421768,0.8459909882284283,-0.7113065651495332,-0.10127349475619216
T5,-0.44421071131353906,0.12736729017840046,-1.9122440644926655,-0.9602491960799439,1.7974840153740304,-1.721233607994414,-0.25076587353130647,-0.7232950699986895,1.946536349432091,1.211864144841871,-0.1151914322908026,0.3111408695462239,-2.3875629997621317,-1.5813609536460806,-1.6285375256189973,-0.8791374700395606,0.21025854010480566,-1.046375922360107,0.23855936180684906,-1.6386014989704,-0.8716212235713569,0.6748563993398428,-1.098885534356957,0.5016020547300137,1.1540521203086453,-1.6102379161135936,-1.0857180398090933,1.0857180398090933,-0.8656603599408307,-1.1667171153223868,-1.6480951723278305,0.5600358561431962,-0.7289112010297176,-1.0499578131825236
T6,-0.3809432312031473,-0.7845991077974356,-2.7158057079213136,-2.319928678455581,-0.08814477791095514,-0.7696060163494504,1.594492441133023,-0.5681254067401637,2.429035405700645,1.9654185134426627,-0.5142265279922121,0.3111408695462239,0.3551050923543092,-2.1154124539601824,-3.121976283593529,-1.0771783161078237,0.3824292822729789,-1.284949381934166,0.23855936180684906,-2.1558933739487807,-0.8716212235713569,1.876655466657371,-1.4924258083690904,0.5016020547300137,0.6386745701028468,-0.6943514981005144,1.7986827471496705,-1.7986827471496694,-0.8660810913390542,-1.1677299142659512,-1.7252336760177427,0.6321304763087527,-0.7176375390905823,-0.31626310648590034
T7,2.48191024379208,-0.41409244575450865,0.16437618025806797,-0.8465735765732694,-0.8133866214821032,-1.269179427839764,-0.4557945751606766,-0.6743481549613808,-0.08081032186280525,-1.5442187632421824,-2.303741998373251,-1.3113345833622712,0.3551050923543092,-1.2717291991195792,-0.8519493714722408,-0.3908186752956428,-1.247506244659977,-1.451288081828963,0.23855936180684906,-0.9765271791785813,-0.20898520565161158,-1.7287417352952152,-0.31180498633269116,0.5016020547300137,0.05841135710135426,-0.4908211829864966,-0.12425111082283906,0.12425111082284013,-0.8695116704322612,-1.1682363137377334,-1.578269742556739,-0.23845749997615961,-1.142801627775559,1.2159644437782104
T8,2.418642763681688,-0.4108423873155356,0.16254770982708217,-0.8663346426249439,-0.8133866214821032,-1.2597640586895846,-0.4557945751606766,-0.737812768967346,-0.09293974639191972,-1.5331322145605284,-2.3077094364961206,-1.3113345833622712,0.3551050923543092,-1.2624486833163326,-0.7324742708342783,-0.3908186752956428,-1.2316855705240306,-1.4144223937514417,0.23855936180684906,-0.9810404190719213,-0.20898520565161158,-1.7287417352952152,-0.31180498633269116,0.5016020547300137,0.06211910926110821,-0.4908211829864966,-0.12425111082283906,0.12425111082284013,-0.8695116704322612,-1.1682363137377334,-1.5809156926946122,-0.23906333712040798,-1.1432428952921585,1.1443012398683077
T9,-0.43893842130433974,1.0503838868467448,-1.574504962206766,-1.4039828239542969,0.49204869694596354,-1.5355628711396778,1.3894637395036529,-1.4191689473922187,2.684225895793706,1.7921705064323363,-0.5528753493240955,0.3111408695462239,0.3551050923543092,-2.269806489596013,-2.046700377851866,-1.573283881045751,1.409264684464091,-0.6715509720350328,-4.19182878603463,-1.2858121249028922,-1.534257241491103,0.6748563993398428,-1.4924258083690904,0.5016020547300137,2.9764123068277097,-0.9996469707715406,0.6449224323661641,-0.6449224323661641,-0.8660183861787419,-1.1677299142659512,-0.8952485579901447,2.040095999541972,-0.0358127704332895,0.1819667873638996
T10,2.608445204012863,-0.3549413821651992,0.20463272780186234,-1.0669741554505194,-0.8133866214821032,-1.1863868795157866,-0.4557945751606766,-0.5728279307488386,-0.141930019490031,-1.5457080011247926,-2.250481920958137,-1.3113345833622712,0.3551050923543092,-1.2135150545355777,-0.7922118211532595,-0.3908186752956428,-1.37120792797743,-1.567622518040814,0.23855936180684906,-0.6934501694692886,-0.20898520565161158,-1.1278422016364504,-0.31180498633269116,0.967375391265025,0.07509624182024702,-0.4908211829864966,0.068042274974412,-0.06804227497441093,-0.8693842373645301,-1.1677299142659512,-1.5601374272007988,-0.24633338285138845,-1.1506610297819246,1.0112124326070597
T11,2.265746353414908,1.9922508224611328,1.8469941606915414,-0.09135016433706268,0.34700032823173377,-1.8579673869234936,-0.25076587353130647,-0.5827172350462804,2.09555499364693,1.2077273729457314,-0.19949334387797385,0.3111408695462239,-2.4582908302178565,-2.01417046337931,-0.5532616198773345,-1.3168021205317255,0.30818263576736044,-1.2885454547370938,0.23855936180684906,0.720716706298112,-0.8716212235713569,-1.1278422016364504,-1.8859660823812234,0.035828718195001066,3.360164655362243,-0.4908211829864966,-0.12425111082283906,0.12425111082284013,-0.8661417737522595,-1.167223514794169,-0.4813111119507034,0.7678379966203882,-0.7011411970742998,-0.3128505729663812
T12,-0.4125769712583432,-0.8405001129477719,-2.6468489888396665,-2.310820017785433,-0.2331931466251845,0.9807471479653159,3.0296933525386125,-0.08879514012825655,1.3279356984472386,1.9225615565986567,-0.15217978670707838,0.3111408695462239,0.3551050923543092,-1.5467699401976163,-1.986962827532885,-1.0472353750525087,-0.6406576921149998,-1.5410220533022543,0.23855936180684906,-1.4339519846404445,0.45365081226813375,3.679354067633664,0.8688158357037082,4.227788747010111,0.34576214948228506,-0.6943514981005144,2.3755629045414213,-2.3755629045414226,-0.8658019522383097,-1.1677299142659512,-1.3325912719497246,0.2280371010950877,-0.8348169388832138,0.0898283823368818
T13,1.796512542596169,-0.23143916148422358,0.3365669924171736,-0.855964950694828,-0.8133866214821032,-0.9925216855655874,-0.25076587353130647,-0.29185016371463934,-0.23423966590641287,-1.535945219449903,-2.185601781938061,-1.3113345833622712,0.3551050923543092,-1.0996178151320968,-0.5532616198773345,-0.3908186752956428,-1.3767402474144173,-1.5991030214294542,0.23855936180684906,-0.05304429922505354,0.45365081226813375,-0.5269426679776863,0.47527556169157587,1.4331487278000377,0.07880399398000096,-0.5925863405435055,0.6449224323661641,-0.6449224323661641,-0.8692810772620809,-1.1682363137377334,-1.4763200514768229,-0.2620851486018461,-1.1659767669364955,1.2603273795319598
T14,1.2481943816394405,0.420522561373769,1.032209157825206,-0.09631833163837163,0.05690359080327463,-0.8461589985960292,-0.25076587353130647,0.4238432611465123,-0.423742233549595,-1.6075941086910415,-2.0673307415962934,-1.3113345833622712,0.3551050923543092,-0.6398104412439676,-0.3143114186014093,-0.3908186752956428,-0.9869300000389719,-1.3403105209791277,0.23855936180684906,-0.03890929943890128,-0.8716212235713569,-1.1278422016364504,-1.098885534356957,0.5016020547300137,0.16222841757446474,-0.7961166556575228,-0.12425111082283906,0.12425111082284013,-0.8690525068390076,-1.1687427132095156,-1.0604994236713239,-0.32206302588243507,-1.2124667978265258,2.765254661639917
T15,-0.43893842130433974,0.9223315843512069,-1.6479887829009392,-1.5785081137450525,0.20195195951750441,-1.5882408966406645,1.3894637395036529,-1.7709344042378858,2.7549546180478948,1.7622202779042855,-0.6282346125676018,0.3111408695462239,0.3551050923543092,-2.289211204457347,-1.8077501765759412,-1.573283881045751,1.14791491610638,-0.7267723815724328,-4.19182878603463,-1.2157046959405577,-1.534257241491103,0.6748563993398428,-1.4924258083690904,0.5016020547300137,3.0264669609843877,-0.6943514981005144,0.8372158181634152,-0.8372158181634152,-0.8662307746249606,-1.1682363137377334,-0.9464317150682799,2.3133285515979884,0.19353078668470483,1.6766564689132994
T16,2.1023053631297293,-0.2840901081955869,0.3441351038627353,-0.9920134152512249,-0.8133866214821032,-0.9651089342029956,-0.4557945751606766,-0.30159661868610027,-0.2561356400563713,-1.5394201078426606,-2.1633724138535704,-1.3113345833622712,0.3551050923543092,-1.136739878345083,-0.4337865192393719,-0.3908186752956428,-1.4916093562030233,-1.713851750683176,0.23855936180684906,-0.7136590558128669,-0.20898520565161158,-1.1278422016364504,-0.31180498633269116,0.5016020547300137,0.09548887869889372,-0.4908211829864966,0.452629046568913,-0.452629046568913,-0.8695177386735817,-1.1687427132095156,-1.498244422095002,-0.25542094001511406,-1.1596195833021328,2.123698359970312
T17,1.6910667424121828,-0.09038662523279348,0.5147090714213413,-0.8174685102335217,-0.6683382527678734,-0.6159530238835905,-0.045737171901936935,-0.10209617086651963,-0.40200378439351747,-1.4965631509986541,-2.0688804255025293,-1.3113345833622712,0.3551050923543092,-0.9494421957704692,-0.5532616198773345,-0.3908186752956428,-1.3674032509439116,-1.6093241364927535,0.23855936180684906,-0.051495361069857,0.45365081226813375,-0.5269426679776863,0.08173528767944235,0.967375391265025,0.10105050693852465,-0.5925863405435055,0.6449224323661641,-0.6449224323661641,-0.8692911909976152,-1.1687427132095156,-1.3701486871608621,-0.27783691435230384,-1.1818626166583082,2.263612234270598
T18,-0.43893842130433974,1.0042330570133275,-1.5635363369317123,-1.3747088735462385,0.34700032823173377,-1.2255432635631764,1.799521142762393,-1.3009772099951575,2.414228056275491,1.7843933752675933,-0.4627398722640183,0.3111408695462239,0.3551050923543092,-2.0167015131438317,-1.8674877268949226,-1.573283881045751,1.086950406473324,-0.7143384663956216,-4.19182878603463,-0.922465285940472,-0.8716212235713569,1.2757559329986068,-0.7053452603448236,1.4331487278000377,2.8373716008369367,-0.8978818132145318,1.2218025897579172,-1.2218025897579172,-0.8661134552927636,-1.1682363137377334,-0.8529714493369189,2.1121906197075284,0.14943502893056423,0.9531993627752338
T19,1.258738961657839,0.09031662397410775,0.7054747440719954,-0.6503344005197361,-0.5232898840536441,-0.4387506638153708,-0.045737171901936935,0.06358925790272181,-0.49132045592609097,-1.4911026120957496,-2.007628753571629,-1.3113345833622712,0.3551050923543092,-0.8304828568379444,-0.5532616198773345,-0.3908186752956428,-1.215602434521422,-1.4660276525898013,0.23855936180684906,0.5147743774449215,0.45365081226813375,-0.5269426679776863,0.47527556169157587,1.4331487278000377,0.10475825909827859,-0.7961166556575228,1.0295092039606661,-1.0295092039606661,-0.8691030755166786,-1.1687427132095156,-1.2162189773513226,-0.29601202867975507,-1.198428141065256,2.3898759744928078
T20,3.140946494941994,0.0877165772229293,0.6728515604114758,-0.3124373440936537,-0.37824151533941425,-0.7007039751606183,-0.25076587353130647,0.054109078056407044,-0.40562685925286374,-1.535945219449903,-2.0481460313576467,-1.3113345833622712,0.3551050923543092,-0.8287954903282624,-0.49352406955835315,-0.3908186752956428,-1.024024383145058,-1.3363466050446773,0.23855936180684906,0.053391998407440945,-0.20898520565161158,-0.5269426679776863,0.08173528767944235,0.967375391265025,0.10475825909827859,-0.6943514981005144,0.068042274974412,-0.06804227497441093,-0.8690403703563666,-1.1682363137377334,-1.2402024000726342,-0.29601202867975507,-1.1981031554764472,1.4719044577421487
T21,2.6611681041048563,0.3932220704863954,1.1044454189411146,-0.04004517329724555,0.05690359080327463,-0.7549543707318357,-0.25076587353130647,0.4417652312235862,-0.5158943549720888,-1.5581183168132116,-2.01358540268006,-1.3113345833622712,0.3551050923543092,-0.5655663148179949,-0.13509876764446552,-0.3908186752956428,-1.1741367697118401,-1.4585718540406218,0.23855936180684906,0.534273825720693,-0.20898520565161158,-0.5269426679776863,-0.7053452603448236,0.5016020547300137,0.2975613714054838,-0.8978818132145318,-0.3165444966200901,0.31654449662009115,-0.8690322793679393,-1.1682363137377334,-0.995788107015802,-0.32266886302668346,-1.2194725283309733,1.9564842175138721
T22,-0.43893842130433974,0.7546285689001979,-1.6594217162056624,-1.675607558373517,0.05690359080327463,-0.956672909716128,2.004549844391763,-1.2250118448393257,2.365552833165145,1.865308633556084,-0.4708287323270806,0.3111408695462239,0.3551050923543092,-1.9972967982824987,-1.8674877268949226,-1.5973666754602134,0.94447665701359,-0.7671126341604205,-4.19182878603463,-0.8879225503014316,-0.8716212235713569,1.2757559329986068,-1.098885534356957,1.4331487278000377,2.605637090852315,-0.8978818132145318,1.0295092039606661,-1.0295092039606661,-0.8662105471538922,-1.1687427132095156,-0.9647913581319126,1.8268413247665445,-0.027457794620555122,1.7107818041084912
T23,2.397553603644891,0.7728288961584469,1.5400125883474904,0.467775318889905,0.34700032823173377,-0.5747277199854856,-0.25076587353130647,0.8263780867034145,-0.6357708753182769,-1.5812842394315934,-1.995042237205325,-1.3113345833622712,-2.4582908302178565,-0.3942986140853523,-0.015623667006502952,-0.3908186752956428,-1.0746610050508316,-1.4018831588448555,0.23855936180684906,0.5618612192247295,-0.20898520565161158,-1.1278422016364504,-0.7053452603448236,0.035828718195001066,0.3605931581213008,-0.7961166556575228,-0.3165444966200901,0.31654449662009115,-0.8686479574176388,-1.1677299142659512,-0.7347942161890412,-0.34569067450812163,-1.2118291706475244,1.727844471706087
T24,-0.43893842130433974,0.9327317713559207,-1.50867509342915,-1.6713434622282517,0.20195195951750441,-0.8601419842142511,2.004549844391763,-1.0028969314490297,2.1410797168795797,1.6963628693177426,-0.39038987327244945,0.3111408695462239,0.3551050923543092,-1.8260290975498563,-1.8077501765759412,-1.383110081152879,0.6626039213310708,-0.7468741959640667,-4.19182878603463,-1.07953971366992,-1.534257241491103,0.6748563993398428,-1.4924258083690904,0.5016020547300137,2.813271211798536,-0.8978818132145318,0.6449224323661641,-0.6449224323661641,-0.8661134552927636,-1.1682363137377334,-0.9681749822526852,1.406996183802422,-0.26084776074442584,2.1339359605288695
T25,-0.3545817811571507,-0.6883973780038335,-2.4143115988336703,-0.9256354693062241,1.217290540517112,-1.0806856935254059,0.5693489329861734,-0.10258265889755111,0.6956303729944234,0.6188165258112969,0.509541786394744,0.3111408695462239,-2.3875629997621317,-0.5081958534888332,-2.046700377851866,-1.5301756790438632,-0.08377539056916382,-1.0605091282967674,0.23855936180684906,-2.082440726425759,-0.20898520565161158,0.6748563993398428,-0.7053452603448236,0.5016020547300137,-0.3753956455898574,-2.1190637038986377,-1.4703048114035953,1.4703048114035953,-0.8657716110317071,-1.1667171153223868,-1.7740484951635198,-0.23845749997615961,-1.1773117836616513,-0.30261297240782364
T26,1.7648788025409732,0.23266918360112707,0.807840856610065,-0.04151744849574715,-0.08814477791095514,-0.6030185419356806,-0.045737171901936935,0.0015099423279679137,-0.4275228334028257,-1.5281680882851607,-2.0625259998150165,-1.3113345833622712,0.3551050923543092,-0.7570824136668115,-0.6129991701963157,-0.3908186752956428,-1.021463951498692,-1.3290276383752482,0.23855936180684906,0.4153249373505255,0.45365081226813375,-0.5269426679776863,0.47527556169157587,1.4331487278000377,0.10661213517815556,-0.7961166556575228,0.260335660771662,-0.260335660771662,-0.869022165632405,-1.1682363137377334,-1.1470202433214234,-0.3093404458532193,-1.2113286787194195,2.301150102985309
T27,-0.43893842130433974,1.1907864114103803,-1.4036248673509495,-1.7468601612753074,0.20195195951750441,-1.091801666321409,1.799521142762393,-1.1236671441499582,2.2245679636384246,1.6382825918959427,-0.41647112037578016,0.3111408695462239,0.3551050923543092,-1.98632891596957,-1.6882750759379788,-1.383110081152879,0.7657953471540335,-0.7819511469303037,-4.19182878603463,-1.1969371270412983,-1.534257241491103,0.0739568656810778,-1.4924258083690904,0.5016020547300137,3.243370462329994,-0.7961166556575228,0.452629046568913,-0.452629046568913,-0.8660183861787419,-1.1682363137377334,-0.9928262566761915,1.496660081151181,-0.25143803042273344,1.5401551281325323
T28,2.434459633709286,0.38282188348168167,0.9051064206999373,-0.005978858122686548,0.05690359080327463,-0.6702323321888436,-0.25076587353130647,0.01325869907055587,-0.4475285076261706,-1.5528232487861529,-2.0705728287622422,-1.3113345833622712,0.3551050923543092,-0.6676519886537073,-0.49352406955835315,-0.3908186752956428,-0.8630808428356176,-1.2291257097097483,0.23855936180684906,0.3736286930635237,0.45365081226813375,-0.5269426679776863,-0.31180498633269116,0.967375391265025,0.06026523318123123,-0.8978818132145318,0.068042274974412,-0.06804227497441093,-0.8687875269680111,-1.1677299142659512,-1.0602284718808472,-0.32206302588243507,-1.223784832423408,2.0042596867871407
T29,1.6910667424121828,0.9047812687807525,1.4696914503690957,0.8430784200237037,0.49204869694596354,-1.0598273226956363,-0.25076587353130647,0.6947479221884264,-0.4899027309811308,-1.671796808519128,-2.0987265027097552,-1.3113345833622712,-2.4582908302178565,-0.3681444331852934,-0.19483631796344678,-0.3908186752956428,-0.7776613808428016,-1.1957705313013565,0.23855936180684906,0.6837770437475406,-0.20898520565161158,-0.5269426679776863,-0.7053452603448236,0.5016020547300137,0.3902551753993324,-0.9996469707715406,-0.7011312682145923,0.7011312682145912,-0.86866009390028,-1.1682363137377334,-0.6392334976411652,-0.35235488309485374,-1.2406556212379436,1.990609552709064
T30,-0.3809432312031473,-0.2918902484491222,-2.5081001023075147,-1.3833172643594052,0.7821454343744226,-0.7650629120463944,1.3894637395036529,-0.9533640688701723,2.4140705312816064,1.8931077406981422,-0.5628261787632709,0.3111408695462239,0.3551050923543092,-2.2115923450120114,-2.2856505791277915,-1.0995753149132739,0.3448247597003611,-1.3626245830875319,0.23855936180684906,-1.3837037478895169,0.45365081226813375,3.0784545339749005,-0.31180498633269116,2.3646954008700614,1.237476543903109,-0.5925863405435055,2.5678562903386726,-2.5678562903386735,-0.866121546281191,-1.1677299142659512,-1.583614791660152,0.6478822420592103,-0.7411150818704727,-0.17634923218561407
T31,-0.43893842130433974,0.8222297844308372,-1.5603289385124173,-2.1408388171468946,-0.2331931466251845,-1.2759494886339944,1.3894637395036529,-1.1093361284577954,2.4488835549301053,1.7860480840260495,-0.4859408051223048,0.3111408695462239,0.3551050923543092,-2.1314424358021538,-1.8077501765759412,-1.383110081152879,1.0447748333213316,-0.6672454681300436,0.23855936180684906,-1.1423034682857431,-1.534257241491103,0.6748563993398428,-1.8859660823812234,0.5016020547300137,2.833663848677183,-0.9996469707715406,0.260335660771662,-0.260335660771662,-0.8660244544200626,-1.1677299142659512,-1.0720581093053454,1.7293015445425566,-0.12439023676220237,1.574280463327724
T32,1.9757704029089458,0.2060187044015481,0.8419411034108946,-0.22919704068985716,-0.08814477791095514,-0.75399093778649,-0.4557945751606766,0.015429550097128448,-0.43728938302366965,-1.5695358072465568,-2.0534651172241674,-1.3113345833622712,0.3551050923543092,-0.725022449982869,-0.3143114186014093,-0.3908186752956428,-0.9629555430242108,-1.2355794946741423,-4.19182878603463,-0.033469818921480696,-0.20898520565161158,-1.1278422016364504,-0.31180498633269116,0.967375391265025,0.05841135710135426,-0.7961166556575228,-0.12425111082283906,0.12425111082284013,-0.8691192574935334,-1.1682363137377334,-1.1869128531152782,-0.3038879115549839,-1.1971974054478238,1.8233954102526242
T33,-0.43893842130433974,0.8625305090741029,-1.4988545075050317,-1.9254765456801892,0.05690359080327463,-1.1951136202902377,1.3894637395036529,-1.0414856002563586,2.024826271392741,1.5277480468310922,-0.31457237426294393,0.3111408695462239,0.3551050923543092,-1.8015622831594782,-1.74801262625696,-1.383110081152879,0.732558958695528,-0.7069198272746297,0.23855936180684906,-0.8566136072468121,-1.534257241491103,1.2757559329986068,-1.4924258083690904,0.967375391265025,2.538897551976744,-1.2031772858855585,0.260335660771662,-0.260335660771662,-0.8659738857423915,-1.1677299142659512,-1.1046963736353441,0.9895743914152929,-0.5400234072495282,1.1204135052316735
T34,3.2780260351811763,-1.3208587502279878,-0.6319559085945883,-2.3190145382456513,-1.5386284650532513,0.5178092670923071,0.3643202313568033,-0.5046128186050229,-0.4897452059872463,-0.9519984985908359,-1.4636704875687334,0.3111408695462239,0.4670908239092068,-1.7492539213593603,-1.0908995727481658,-0.3908186752956428,-2.0523714745661947,-1.7842894336708213,0.23855936180684906,-1.049008703460112,1.11628683018788,-0.5269426679776863,2.442976931752241,2.830468737405074,-0.3494413804715798,-0.5925863405435055,1.6063893613524194,-1.6063893613524183,-0.8692284858373032,-1.1682363137377334,-1.5364283767450693,-0.21725319992746653,-1.2233319756694494,1.3661159186370542
T35,3.2305754250983827,-1.5418627240781548,-0.9628750453088294,-1.68535838361346,-1.9737735711959405,-1.8974801555751586,-1.0708806800487864,-2.2341851641097965,0.6595571493948489,-1.405885111035274,-2.8931544715734505,-1.3113345833622712,0.4670908239092068,-3.0282777356977153,-1.3895873243430723,-0.3908186752956428,-2.6080680548189736,-2.866033479913428,0.23855936180684906,-2.0966528072287685,-0.20898520565161158,-1.7287417352952152,0.47527556169157587,1.4331487278000377,-0.17888478112289827,0.42506523502658317,1.6063893613524194,-1.6063893613524183,-0.8707273414434744,-1.1677299142659512,-1.8897548863856108,-0.0367137309414513,-0.9212314664013844,1.0999383041145585
T36,0.937129271096681,-0.26978985106410547,-0.020721105808814592,0.3753716445489202,-0.08814477791095514,-1.2008919642097438,-0.4557945751606766,0.127283746157237,-0.22100756642010358,-1.5831044190658945,-2.2027252776887596,-1.3113345833622712,-2.3855983378050283,-0.9713779603963242,-0.5532616198773345,-0.3908186752956428,-0.2005266941960761,-0.6412303415807816,0.23855936180684906,-1.2715096934396175,-1.534257241491103,-1.7287417352952152,-0.7053452603448236,0.967375391265025,-0.11956074656683514,-0.5925863405435055,-1.6625981972008463,1.6625981972008463,-0.8689230510241697,-1.1677299142659512,-1.3722650488821369,-0.28328944865053923,-1.2124352804572784,1.4889671253397447
T37,-0.4283938412859411,0.8579804272595406,0.2940799862526728,-0.23375785256787115,0.34700032823173377,0.8761884831523137,1.3894637395036529,1.4683944032334468,-1.1275639062260212,-0.6831083253417612,0.7469625882478533,0.3111408695462239,0.3275998249548606,0.9615003764434981,0.04411388331247833,-0.3686625044343373,-0.1820730334983934,-0.2415445454710195,0.23855936180684906,1.471487176478235,-0.20898520565161158,1.2757559329986068,-0.31180498633269116,0.5016020547300137,-0.4365735562257975,-0.8978818132145318,0.260335660771662,-0.260335660771662,-0.8661842514415032,-1.167223514794169,0.661916828224463,-0.42020864325067153,-0.8834657330499377,-0.48347724894234007
T38,-0.4283938412859411,1.314288632091356,0.6296212048376361,0.0626148531917886,0.49204869694596354,0.8186459480342319,1.594492441133023,1.6008208558790467,-1.0593555838739839,-0.6663957668813574,0.7855221911762255,0.3111408695462239,0.3275998249548606,0.96403142620802,-0.015623667006502952,3.4193202290164675,-0.1474759376551576,-0.20662350187540784,0.23855936180684906,1.7191336528619279,-0.20898520565161158,1.2757559329986068,-0.31180498633269116,0.5016020547300137,-0.32348711535330216,-0.9996469707715406,0.260335660771662,-0.260335660771662,-0.8660284999142762,-1.1667171153223868,0.9344761050845838,-0.43353706042413576,-0.9330323777725281,0.6938468152917763
T39,-0.43893842130433974,0.9827826713161055,0.4194706505736622,-0.36790889057296555,0.20195195951750441,1.2889743887650378,1.799521142762393,1.9137429527442995,-1.3233674736245855,-0.812837492004699,0.799882878660989,0.3111408695462239,0.3275998249548606,1.0374318693791515,0.04411388331247833,2.1742397577887567,-0.38930423351958937,-0.25082481106740984,0.23855936180684906,1.53038165918965,-0.20898520565161158,1.2757559329986068,0.08173528767944235,0.967375391265025,-0.4495506887849363,-0.9996469707715406,0.260335660771662,-0.260335660771662,-0.8661175007869774,-1.1667171153223868,0.9444999957920911,-0.4965441234259665,-0.9815065907911736,-0.2343623020174401
T40,-0.43893842130433974,1.0471338284077718,0.4600657378873308,-0.5491800627237462,0.05690359080327463,1.4320632535189968,1.799521142762393,1.7653384460992596,-1.3501467225849695,-0.8333558806095516,0.6623460256082241,0.3111408695462239,0.3275998249548606,1.0264639870662242,0.04411388331247833,2.1742397577887567,-0.4734144314584923,-0.34870087901207725,0.23855936180684906,1.5533070171665404,-0.20898520565161158,1.2757559329986068,0.08173528767944235,0.967375391265025,-0.40505766286788897,-0.9996469707715406,0.452629046568913,-0.452629046568913,-0.866251002096029,-1.1677299142659512,0.9909368456358275,-0.44201878044361304,-0.9158508220973727,0.8917737594238886
T41,-0.43893842130433974,1.380589824246406,0.6320349294439789,-0.29510470036759334,0.20195195951750441,1.0868035827537215,1.799521142762393,1.5787584325678623,-0.9979208362589892,-0.49662264826378794,0.8754260684463587,0.3111408695462239,0.3551050923543092,0.8999114988401337,-0.015623667006502952,0.3128003015135696,-0.7994767172414605,-0.4989126651409217,0.23855936180684906,1.6821480344139643,-0.20898520565161158,1.2757559329986068,0.08173528767944235,0.967375391265025,-0.06394446417052595,-0.8978818132145318,0.6449224323661641,-0.6449224323661641,-0.8661680694646485,-1.1677299142659512,1.1506651500969345,-0.4135444346639394,-0.831571465479843,0.36965613093745436
T42,-0.43893842130433974,1.039983699842031,0.392090806367923,-0.6506178606007121,-0.2331931466251845,1.4256581693895758,1.799521142762393,1.9402208921104978,-1.3403801729641256,-0.9160913185323438,0.49479580060067846,0.3111408695462239,0.3551050923543092,0.983436141069353,-0.25457386828242806,0.21654939983710117,-0.7076241925738745,-0.33505385402082394,0.23855936180684906,1.4527326820805688,-0.20898520565161158,1.2757559329986068,0.47527556169157587,0.967375391265025,-0.34573362831182586,-0.8978818132145318,1.0295092039606661,-1.0295092039606661,-0.8661255917754047,-1.167223514794169,0.9477611855634269,-0.44080710615511626,-0.9074681148952429,1.553805262210609
T43,-0.43893842130433974,1.5560929799509504,0.8045615967207782,-0.3134927534458322,0.34700032823173377,1.2918791619665435,1.799521142762393,1.5551457694758415,-1.0817241330055993,-0.47461502177632453,0.8869380661099115,0.3111408695462239,0.3551050923543092,0.9420956615821638,-0.19483631796344678,1.966003862085038,-0.23424658983781563,-0.020750316326709747,0.23855936180684906,1.5790082674593577,-0.20898520565161158,0.6748563993398428,0.08173528767944235,0.5016020547300137,-0.0398440751321253,-0.9996469707715406,0.6449224323661641,-0.6449224323661641,-0.866145819246473,-1.1677299142659512,1.6717252741842785,-0.46746394050204465,-0.944122328387094,0.5709956085890858
T44,-0.43893842130433974,0.8313299480599617,0.2845418017983735,-0.3498185815565121,-0.08814477791095514,1.4536848729246252,1.799521142762393,1.6272140756110063,-1.2553166762664363,-0.5982217660329765,0.9923451249838159,0.3111408695462239,-2.4465028584752355,1.0914275976889503,-0.19483631796344678,1.966003862085038,-0.09603627251732423,0.01862044736171852,0.23855936180684906,1.3564256106303467,-0.20898520565161158,1.2757559329986068,0.08173528767944235,0.5016020547300137,-0.6868468270091889,-0.9996469707715406,0.6449224323661641,-0.6449224323661641,-0.8662408883604948,-1.1677299142659512,1.5033310149024173,-0.4983616348587117,-0.9876902036836562,0.6392462789794694
T45,-0.43893842130433974,1.2999883749598746,0.5415846627089159,-0.14835280415475677,0.20195195951750441,1.227520136721205,1.799521142762393,1.4910614883823665,-1.017926510482334,-0.33330289380419603,1.0353150801199946,0.3111408695462239,-2.4465028584752355,0.9623440596983379,-0.015623667006502952,2.272577834981145,-0.15871806821118445,-0.031540276164051355,0.23855936180684906,1.355185191684393,-0.20898520565161158,0.6748563993398428,-0.31180498633269116,0.5016020547300137,-0.2567475764777311,-0.9996469707715406,0.452629046568913,-0.452629046568913,-0.8661276145225115,-1.167223514794169,1.621020426264005,-0.4577705461940707,-0.9014432696851562,0.4106065331716845
T46,-0.43893842130433974,1.084834506299859,0.48686442329476554,-0.3275827641803488,0.05690359080327463,1.529346878613165,2.004549844391763,1.934868892136472,-1.1699381295809779,-0.5062199590628316,0.7796582194422725,0.3111408695462239,-2.4465028584752355,0.9505324941305706,0.04411388331247833,4.156494566043165,-1.0409785433286234,-0.7575084322286965,0.23855936180684906,1.6729482686957173,-0.20898520565161158,1.2757559329986068,0.08173528767944235,0.967375391265025,-0.3271948675130561,-0.8978818132145318,0.6449224323661641,-0.6449224323661641,-0.8660770458448404,-1.167223514794169,1.1951359282977292,-0.43232538613563903,-0.7911280826613601,-0.3503884416810921
T47,-0.43893842130433974,1.0789844011097076,0.6097952451308714,-0.0750797033755499,0.20195195951750441,1.5834686243489962,1.799521142762393,2.117188565522288,-1.3677895219000473,-0.7147132626282674,0.9825808320883915,0.3111408695462239,0.3551050923543092,1.0602113172598489,0.16358898395044089,0.2038657947788176,-0.9969556020002501,-0.7675114599879161,0.23855936180684906,1.1214535951197266,-0.8716212235713569,0.6748563993398428,0.08173528767944235,0.967375391265025,-0.6479154293317724,-1.1014121283285496,0.452629046568913,-0.452629046568913,-0.8659941132134598,-1.1667171153223868,1.4531919084756815,-0.45231801189583537,-0.8590636442514209,0.5061574717182215
T48,-0.43893842130433974,1.2915382230185446,0.7434018941573981,0.330829975896897,0.6370970656601933,1.4682766816771846,1.799521142762393,2.1351573328947033,-1.2160929527891688,-0.5264074059159923,1.1272900803675237,0.3111408695462239,0.3551050923543092,1.0289950368307461,0.16358898395044089,0.2038657947788176,-0.786584132230215,-0.5453275536844736,0.23855936180684906,1.0490465174405528,-0.8716212235713569,0.0739568656810778,0.08173528767944235,0.967375391265025,-0.4384274323056745,-1.1014121283285496,0.8372158181634152,-0.8372158181634152,1.0665000404700553,-1.1677299142659512,1.6267338167958794,-0.43293122327988737,-0.8178953375931131,-0.5619655198912812
T49,-0.43893842130433974,1.188186364659202,0.7969185202105065,0.4524510565631562,0.9271938030886524,1.520573718957082,1.594492441133023,2.248001748943999,-1.3594406972241602,-0.7540953310795173,0.9749677310214574,0.3111408695462239,0.3551050923543092,1.0914275976889503,0.22332653426942214,2.559002536550486,-0.7397244731348698,-0.503950269721902,0.23855936180684906,1.1472660762469957,-0.20898520565161158,0.0739568656810778,0.08173528767944235,0.5016020547300137,-0.5033130951013686,-1.1014121283285496,0.6449224323661641,-0.6449224323661641,0.44558140657643447,-1.1677299142659512,1.6076109861311052,-0.47412814908877676,-0.9165184327759709,-0.48006471542282086
T50,-0.43893842130433974,1.1914364230981749,0.9078275892800377,0.09890198657519916,0.49204869694596354,1.2573645921389875,1.594492441133023,2.1498364489374917,-1.0924358325897536,-0.38542621969555474,1.158690942704749,0.3111408695462239,0.4670908239092068,0.9868108740887159,0.28306408458840343,2.559002536550486,-0.9035887569224612,-0.631362551161327,0.23855936180684906,0.9170570821526953,-0.8716212235713569,0.0739568656810778,0.08173528767944235,0.5016020547300137,-0.27528633727650087,-0.8978818132145318,0.452629046568913,-0.452629046568913,-0.8658727483870493,-1.1662107158506045,1.6019215510414249,-0.40263936606746875,-0.6959535281806041,-0.6063284556450305
T51,-0.4283938412859411,1.3643395320515408,1.0256908907296451,0.21951681581230484,0.49204869694596354,1.23759137778951,1.594492441133023,1.9929218667727655,-1.1061405070577126,-0.4332473028149284,1.1346654810304246,0.3111408695462239,0.4670908239092068,1.0180271545178186,0.28306408458840343,2.559002536550486,-0.7441759766201063,-0.5207162928418648,0.23855936180684906,1.147138160787376,-0.20898520565161158,0.0739568656810778,0.08173528767944235,0.5016020547300137,-0.266016956877116,-0.8978818132145318,0.260335660771662,-0.260335660771662,-0.8658161114680575,-1.1662107158506045,1.7269041604898698,-0.4093035746542008,-0.727652904452851,-0.6233911232426264
T52,-0.4336661312951404,1.5580430150143343,1.152949833572552,0.37769698778998817,0.6370970656601933,0.6386572142859802,0.9794063362449126,1.5828163920291884,-0.9514509630630293,-0.6536545094412467,0.8621230692199894,0.3111408695462239,0.4670908239092068,0.8948493993110899,0.3428016349073847,0.0883486575707792,-0.5417101644204799,-0.4139521516168039,0.23855936180684906,0.9113415735382007,-0.8716212235713569,-0.5269426679776863,-0.31180498633269116,-0.4299446183400115,-0.15293051600462065,-0.8978818132145318,-0.12425111082283906,0.12425111082284013,2.8538661347317427,0.8563487744476118,1.4509724551129348,-0.3626541145470761,-0.6332019712400739,-0.7564799305038743
T53,-0.4283938412859411,1.29088821133075,1.0350241780836051,0.47424721186514723,0.6370970656601933,0.7441728683270957,0.9794063362449126,1.2482110537883304,-1.0788886831156754,-0.8227657445554345,0.7076457023709434,0.3111408695462239,0.4670908239092068,0.9699372089919036,0.46227673554534726,-0.412493190268659,-0.20446445453700243,-0.18342844507424674,0.23855936180684906,0.589141947366764,-0.8716212235713569,-0.5269426679776863,0.08173528767944235,-0.4299446183400115,-0.4235964236666587,-0.8978818132145318,-0.12425111082283906,0.12425111082284013,3.644924096023314,0.8563487744476118,1.443296484900307,-0.4486829890303451,-0.7956993550797884,-0.404988977993399
T54,-0.4336661312951404,0.8917810350248603,0.753331618887518,0.4639158033510804,0.6370970656601933,0.3639061292394936,0.7743776346155435,1.1616465629681985,-0.9635803875921438,-0.765678292388708,0.7918268372394646,0.3111408695462239,0.4670908239092068,0.9800614080499912,0.6414893865022911,-0.016170670187988,-0.3627917838721635,-0.36222342510970673,0.23855936180684906,0.33962123142255635,-0.20898520565161158,-0.5269426679776863,-0.31180498633269116,-0.8957179548750228,-0.6849929509293119,-0.7961166556575228,-0.3165444966200901,0.31654449662009115,4.339808523372891,0.8563487744476118,1.0728784960598452,-0.45595303476132554,-0.7941332619930538,0.7586849521626406
T55,-0.4283938412859411,0.6109759858975894,0.5073220543000978,0.1713194797544096,0.34700032823173377,0.33708910987238516,0.5693489329861734,1.1793401319242072,-0.9453074883015281,-0.9428976004193286,0.3315841482924332,0.3111408695462239,0.4670908239092068,0.9184725304466268,0.5220142858643285,-0.10286873008005296,-0.5966158275990167,-0.5488391494294557,0.23855936180684906,-0.3180435663505035,-1.534257241491103,-1.1278422016364504,-1.098885534356957,-1.3614912914100354,-0.6126917838141099,-0.6943514981005144,-0.7011312682145923,0.7011312682145912,0.07038406847508898,0.8563487744476118,0.653392803128436,-0.42020864325067153,-0.7100266726618729,-0.0023100226901360023
T56,-0.4336661312951404,0.5232244080453171,0.4668179117165068,0.31750028936971714,0.49204869694596354,0.2294560250688844,0.5693489329861734,1.2150791388717042,-0.9292399389252984,-0.9596101588797329,0.386651456111077,0.3111408695462239,0.4670908239092068,0.9480014443660487,0.5220142858643285,-0.10286873008005296,-0.4925114885215357,-0.5177918475026422,0.23855936180684906,-0.44431866387475527,-1.534257241491103,-1.1278422016364504,-1.098885534356957,-1.3614912914100354,-0.740609233325621,-0.6943514981005144,-0.7011312682145923,0.7011312682145912,-0.21671656488188945,0.8563487744476118,0.4963079528155755,-0.4565588719055739,-0.7686655111680638,-0.44593938022762913
T57,-0.4073046812491439,0.5758753547566805,0.5555323627202032,-0.03241068089440874,0.49204869694596354,0.20564145787064236,0.3643202313568033,0.9399149230840678,-0.6800353985998507,-0.5118459688415811,0.6559633837324147,0.3111408695462239,0.3609990782256196,0.8265110556690007,0.46227673554534726,-0.05317789760487869,-0.6503161462739122,-0.6012264157364725,0.23855936180684906,-0.02328273319111188,-0.8716212235713569,-0.5269426679776863,-1.098885534356957,-0.8957179548750228,-0.47550495390321396,-0.5925863405435055,-0.5088378824173412,0.5088378824173401,-0.11349780276675833,0.8563487744476118,0.6427415163486655,-0.3874934374612594,-0.5807443961276153,-0.03984789140484696
T58,-0.4336661312951404,0.6506266988530605,0.6209784202843274,-0.05224737794462831,0.34700032823173377,0.30242718470625524,0.3643202313568033,0.8416775800809934,-0.6215936258686608,-0.24527238785434527,0.761083351889506,0.3111408695462239,0.3551050923543092,0.8383226212367693,0.28306408458840343,0.20378551879743606,-0.6540236553617853,-0.4997882499143368,0.23855936180684906,0.04815302610475604,-0.8716212235713569,-0.5269426679776863,-0.7053452603448236,-0.8957179548750228,-0.3624185130307186,-0.4908211829864966,-0.7011312682145923,0.7011312682145912,0.29405539805566017,0.8563487744476118,0.7857696182750362,-0.3347856059116509,-0.3373379933674342,-0.31626310648590034
T59,-0.4336661312951404,0.9431319583606343,0.7350417162702533,0.4408660204429629,0.7821454343744226,0.4042344517588772,0.5693489329861734,1.0849936477024829,-0.8331496926556895,-0.4625356478395975,0.8444921550776466,0.3111408695462239,0.3551050923543092,0.9699372089919036,0.28306408458840343,0.20378551879743606,-0.24814597439563227,-0.20666216616857314,0.23855936180684906,0.19024075759723558,-0.8716212235713569,-0.5269426679776863,-0.31180498633269116,-0.8957179548750228,-0.4792127060629679,-0.5925863405435055,-0.8934246540118432,0.8934246540118422,2.7526822562060964,0.8563487744476118,1.1160962741397353,-0.3941576460479915,-0.5392527107915612,-0.8554434025699305
T60,-0.4336661312951404,0.6753271429892556,0.5626105849917511,0.370362132935122,0.6370970656601933,0.4638591017021992,0.5693489329861734,0.9703602163705557,-0.8830851157171076,-0.5105222018348166,0.7766314236545955,0.3111408695462239,0.3551050923543092,0.9918729736177597,0.28306408458840343,-0.08649242987821847,-0.1892773849829667,-0.1727938038416133,0.23855936180684906,-0.13155355902480356,-0.8716212235713569,-1.1278422016364504,-0.31180498633269116,-0.8957179548750228,-0.5793220143763245,-0.4908211829864966,-0.8934246540118432,0.8934246540118422,-0.014071691476959209,0.8563487744476118,0.9408001770397368,-0.42263199182766503,-0.6092774028456104,0.3184681281446667
T61,-0.43893842130433974,1.6789451889441316,1.2417426610301943,1.2511334914839425,1.3623389092313418,0.2449236911744742,0.5693489329861734,0.9783843512796288,-0.6283672006057,-0.2762154416374687,0.7095277541050121,0.3111408695462239,-2.3659517182339935,0.8965367658207719,0.402539185226366,0.20378551879743606,0.09953642302269133,-0.09240878559655386,0.23855936180684906,0.29917145547776786,-0.8716212235713569,-1.1278422016364504,-0.7053452603448236,-0.8957179548750228,0.14925128501532595,-0.4908211829864966,-1.6625981972008463,1.6625981972008463,2.8625315833374616,0.8563487744476118,1.4606748502400164,-0.3438731630753766,-0.46041327158382334,-0.6268036567621456
T62,-0.43893842130433974,1.3071385035256153,0.9967120027063358,1.143550202067836,1.217290540517112,0.583287098553745,0.5693489329861734,0.8021107377364297,-0.9257743890598367,-0.591768401874999,0.44526573805149067,0.3111408695462239,-2.3659517182339935,1.005371905695209,0.46227673554534726,0.1813082440106044,0.15022750499995488,-0.05466348090558392,0.23855936180684906,0.021362006347032246,-0.8716212235713569,-1.1278422016364504,-0.7053452603448236,-0.8957179548750228,-0.23079331135945352,-0.4908211829864966,-1.4703048114035953,1.4703048114035953,0.5125646770195661,0.8563487744476118,1.462392842323642,-0.40990941179844914,-0.6377208607925806,-0.6984668606720482
T63,-0.4283938412859411,1.4891417761081058,1.4557888251549287,1.146784585998572,1.0722421718028823,0.19832935606765215,0.15929152972743318,0.5851403286829191,-0.8311018677351878,-0.6473666161591146,0.5816907486845286,0.3111408695462239,0.3551050923543092,1.0298387200855872,0.5220142858643285,2.199446415942561,0.3379326920345453,0.09456612774743567,0.23855936180684906,-0.18242215160506906,-1.534257241491103,-1.7287417352952152,-1.098885534356957,-1.3614912914100354,-0.31236385887404033,-0.6943514981005144,-1.8548915829980974,1.8548915829980974,0.765671022498928,0.8563487744476118,2.0735689041068115,-0.4159677832409329,-0.6279158912173728,-0.25142496961503596
T64,-0.43893842130433974,1.6288942889839466,1.9653114419547861,1.3110861127623992,0.9271938030886524,0.04164270108613517,-0.045737171901936935,0.6843673093027047,-0.7899878443313069,-0.6708634805291879,0.5736431302869275,0.3111408695462239,0.3551050923543092,1.0129650549887748,0.7012269368212724,1.917838273256113,0.45233020950563746,0.2033860417629226,0.23855936180684906,0.05421930213140387,-0.8716212235713569,-1.7287417352952152,-0.7053452603448236,-1.8272646279450482,-0.29011734591551663,-0.8978818132145318,-2.0471849687953485,2.0471849687953485,2.3470405513996453,0.8563487744476118,2.5747125806644093,-0.45231801189583537,-0.7299746961609701,0.09324091585640097
T65,-0.43893842130433974,1.7042956447681212,2.286700499470356,1.2649275527061092,0.7821454343744226,-0.3052205135586846,-0.4557945751606766,0.4543908384113143,-0.4752529065498613,-0.39965671501827527,0.7064732847791967,0.3111408695462239,0.3551050923543092,0.8408536710012912,0.6414893865022911,-0.09323561231426797,0.15117754338657188,0.03851755504340621,0.23855936180684906,0.9110718875501085,-0.8716212235713569,-1.1278422016364504,-0.7053452603448236,-1.8272646279450482,-0.002766553534585844,-0.6943514981005144,-1.8548915829980974,1.8548915829980974,0.30711223063033677,0.8563487744476118,2.396489741863361,-0.3638657888355728,-0.3634368585121951,2.140761027567908
T66,-0.43893842130433974,1.7705968369231713,2.1727979491712013,1.5461309838401422,0.9271938030886524,-0.5852443929503004,-0.4557945751606766,0.5899045801167119,-0.6249016507402382,-0.8775366044603229,0.38504034498843304,0.3111408695462239,0.3551050923543092,0.8602583858626254,0.6414893865022911,1.917838273256113,0.31285955476148986,0.134733300766985,0.23855936180684906,0.9323396133809431,-1.534257241491103,-1.1278422016364504,-1.098885534356957,-1.8272646279450482,-0.15478439208449762,-0.6943514981005144,-2.2394783545925985,2.2394783545925994,1.0107248117459449,0.8563487744476118,1.9063739811688725,-0.43111371184714226,-0.6147764229312214,0.0727657147392859
T67,-0.43893842130433974,1.619794125354822,1.7325320228598515,1.3636570039788702,1.0722421718028823,-0.48229725640980986,-0.045737171901936935,0.29237672272065296,-0.5387354790853576,-0.6359491257257693,0.6102818987082802,0.3111408695462239,0.3551050923543092,0.8678515351561911,0.9401771380971975,0.12463340115523602,0.9269152322280599,0.8816025372279233,0.23855936180684906,1.1545447683691694,-0.8716212235713569,-0.5269426679776863,-1.098885534356957,-1.3614912914100354,-0.21596230272043773,-0.5925863405435055,-1.6625981972008463,1.6625981972008463,0.016425266652924327,0.8563487744476118,1.6003074587667863,-0.41172692323119436,-0.539432331797063,-0.7803676651405085
T68,-0.43893842130433974,2.1690540015412663,-0.7608870905012997,0.2504524533703832,2.9578709650878676,-2.2313380994030143,0.3643202313568033,-1.55333149712544,2.3962702069726443,1.414235026001021,-0.2721356058122643,0.3111408695462239,0.4670908239092068,-1.7230997404593027,-0.8519493714722408,-1.5155654504324225,1.688669247942431,0.45488564493249095,0.23855936180684906,-0.9518553995298886,-2.1968932594108486,-0.5269426679776863,-2.67304663040549,-0.8957179548750228,3.497351485273139,-1.7120030736706024,-1.8548915829980974,1.8548915829980974,-0.1590338856360254,0.8563487744476118,-0.06187277133512776,9.471900248036766,3.02084971524348,-0.5414903187741661
T69,-0.43893842130433974,0.9294817129169476,0.9327330477099409,2.0800395320692155,1.3623389092313418,-0.9105792950322027,-0.6608232767900467,0.10012746796109645,-0.204624967056105,-0.44631950200672993,0.7791438506449321,0.3111408695462239,0.5240660206652074,0.728643798107491,0.7012269368212724,0.5274582757278119,1.5231753686247977,1.259112001931369,0.23855936180684906,0.5360460061120527,-0.20898520565161158,-0.5269426679776863,-1.098885534356957,-1.3614912914100354,-0.22893943527957653,-0.1855257103154698,-2.0471849687953485,2.0471849687953485,0.5251866189662712,0.8563487744476118,1.0847362678916936,-0.36144244025857936,-0.3162184221417046,-0.367451109278688
T70,-0.43893842130433974,0.48487371846543525,0.5890741249188519,1.4944974018447084,1.0722421718028823,-0.6555242136112385,-0.6608232767900467,-1.1588203933239083,0.04914779809199575,0.04264693611697215,0.4683040043706586,0.3111408695462239,0.5240660206652074,0.5523139978458047,0.7609644871402537,-0.1544059101270027,0.8687118745732836,0.9399969265458994,0.23855936180684906,0.6576914616504197,0.45365081226813375,0.0739568656810778,-0.7053452603448236,-0.8957179548750228,-0.08433710104917265,0.11976976235555639,-1.0857180398090933,1.0857180398090933,0.013542852025671945,0.8563487744476118,0.5795987765064506,-0.23300496567792425,0.11193708974238603,0.03181531250505577
T71,-0.43893842130433974,0.45497318082688326,0.6005168392493537,1.6437785476702726,1.0722421718028823,-0.5407051483393043,-0.6608232767900467,-0.9076763538371957,-0.12885544499760976,-0.10396025988221586,0.4769482841937451,0.3111408695462239,0.4670908239092068,0.6324639070556622,0.7609644871402537,-0.1544059101270027,0.8929328640025442,0.9715373934186045,0.23855936180684906,0.8347180666660402,0.45365081226813375,0.0739568656810778,-0.31180498633269116,-0.4299446183400115,-0.20113129408142194,0.11976976235555639,-1.4703048114035953,1.4703048114035953,0.4684384488837692,0.8563487744476118,0.5294967161393501,-0.3099462829974676,-0.07214237571695989,-0.6404537908402222
T72,-0.43893842130433974,0.3841219068572709,0.5607775916913273,1.781744924774005,1.0722421718028823,-0.7042820017342682,-0.6608232767900467,-0.9344923000123624,-0.10821967079872706,-0.1957965959765154,0.4279182203435554,0.3111408695462239,0.5240660206652074,0.6198086582330539,0.7609644871402537,-0.1544059101270027,1.0177488935585441,1.0563627742066843,0.23855936180684906,0.7890681516397174,0.45365081226813375,0.0739568656810778,-0.31180498633269116,-0.4299446183400115,-0.24006269175883838,0.22153491991256533,-1.4703048114035953,1.4703048114035953,0.6462460105637645,0.8563487744476118,0.4789932024969297,-0.3650774631240696,-0.2466006194463738,-0.9475818075969482
T73,-0.43893842130433974,0.18196827195314758,0.37176616824369974,1.559637411741992,0.9271938030886524,-0.6699831270991253,-0.8658519784194163,-0.9367980753622945,0.051510673000266294,0.13200120907358734,0.5182153867578395,0.3111408695462239,0.5240660206652074,0.5362840160038334,0.5817518361833098,0.34764007743315867,0.9987249751679743,1.1097608417044724,0.23855936180684906,0.37483769417729,0.45365081226813375,0.0739568656810778,-0.7053452603448236,-0.8957179548750228,-0.10658361400769632,0.42506523502658317,-1.4703048114035953,1.4703048114035953,0.17757955140227494,0.8563487744476118,0.471865103219096,-0.3050995858434806,-0.022504406055621134,-0.3879263103958031
T74,-0.43893842130433974,0.06626619152570722,0.2650392400811909,1.5037398872213208,0.7821454343744226,-0.7411402347442306,-0.8658519784194163,-1.0180149283797566,0.01827289929061215,-0.0005409624787256017,0.40601384379445354,0.3111408695462239,0.5240660206652074,0.48735038722307855,0.7012269368212724,-0.1922158973577088,0.8899905332408286,1.0475552377950965,0.23855936180684906,0.10162149308397378,-0.20898520565161158,-0.5269426679776863,-0.7053452603448236,-0.8957179548750228,-0.10102198576806541,0.42506523502658317,-1.2780114256063444,1.2780114256063444,1.5294299888365357,0.8563487744476118,0.36878948333484873,-0.22270573422570192,0.0738693788468883,-0.7052919277110866
T75,-0.43893842130433974,-0.05138592396511696,0.16644715001961602,1.603387557912398,0.7821454343744226,-0.8876647605810085,-0.8658519784194163,-0.9558571396144669,0.07561199706461078,0.01402047459568575,0.45896210907673896,0.3111408695462239,0.5240660206652074,0.5050677355747318,0.7609644871402537,-0.4961407628682254,1.0661067275743707,1.1456631181785506,0.23855936180684906,0.0869423403471739,-0.20898520565161158,0.0739568656810778,-0.7053452603448236,-0.8957179548750228,-0.2623092047173621,0.5268303925835915,-1.2780114256063444,1.2780114256063444,0.33805823861793965,0.8563487744476118,0.2946125513060936,-0.3147929801514546,-0.0147619433497537,-0.6984668606720482
T76,-0.43893842130433974,-0.04553581877496548,0.17530766499467484,1.5919850777197084,0.6370970656601933,-0.701617587956517,-0.6608232767900467,-0.9598256353094278,0.04221669836107217,0.1371308062248005,0.5694073716399427,0.3111408695462239,0.5240660206652074,0.5219414006715429,0.6414893865022911,-0.1922158973577088,0.9248731253372453,1.0508955353547649,0.23855936180684906,0.40335376757809255,0.45365081226813375,0.0739568656810778,-0.7053452603448236,-0.8957179548750228,-0.27528633727650087,0.42506523502658317,-1.2780114256063444,1.2780114256063444,-0.11091677745842562,0.8563487744476118,0.37641700953909263,-0.2620851486018461,0.154675871972144,-0.8998063383236797
T77,-0.43893842130433974,-0.09818676548632879,0.10350249575008749,1.459447884294391,0.49204869694596354,-0.6287281126398168,-0.6608232767900467,-0.874108582312327,-0.0642701975049222,-0.06375083705173873,0.4446440672713641,0.3111408695462239,0.5240660206652074,0.498318269536006,0.7012269368212724,-0.1922158973577088,0.7712916358474681,0.9755483470279901,0.23855936180684906,0.2873071258489531,0.45365081226813375,0.0739568656810778,-0.31180498633269116,-0.8957179548750228,-0.3086561067142864,0.5268303925835915,-1.0857180398090933,1.0857180398090933,0.0581282437547225,0.8563487744476118,0.10999463570322886,-0.32630388589217374,-0.033483589368997015,-1.0431327461434852
T78,-0.43893842130433974,-0.2021886355334662,-0.07177678644668495,1.260603866939034,0.34700032823173377,-0.5546420039118297,-0.6608232767900467,-0.8667615015803469,-0.028512023893113057,0.1202527768885512,0.5823114394064752,0.3111408695462239,0.5240660206652074,0.5270035002005868,0.5817518361833098,-0.1544059101270027,0.879320764527739,1.0585142045792792,0.23855936180684906,0.005692411329073298,0.45365081226813375,0.0739568656810778,-0.31180498633269116,-0.8957179548750228,-0.32904874359293307,0.7303607076976094,-0.5088378824173412,0.5088378824173401,-0.11237922361667368,0.8563487744476118,0.14405830882015672,-0.23482247711066934,0.26225552420995035,0.2741051923909174
T79,-0.43893842130433974,-0.31854072764870117,-0.11551179678153146,1.230133626620188,0.20195195951750441,-0.589349242622853,-0.6608232767900467,-0.7678721201757344,-0.15232666908641637,-0.04670733683964399,0.6348138768049277,0.3111408695462239,0.5240660206652074,0.5413461155328771,0.6414893865022911,-0.11113715616235174,0.8757794646511692,1.1004456384357395,0.23855936180684906,0.052945904218744344,0.45365081226813375,0.0739568656810778,-0.31180498633269116,-0.4299446183400115,-0.44769681270505934,0.7303607076976094,-0.5088378824173412,0.5088378824173401,0.03654553212469944,0.8563487744476118,0.10094554283977719,-0.2693551943328266,0.2480617031426066,0.13419131809063112
T80,-0.43893842130433974,-0.33479101984356635,-0.10140679667209916,1.0990215317942997,0.05690359080327463,-0.2501991317446232,-0.4557945751606766,-0.7564749783825911,-0.32717941229832903,-0.08790958492519371,0.5512584121583417,0.3111408695462239,0.5240660206652074,0.6079970926652853,0.6414893865022911,-0.1922158973577088,0.7176216816214348,1.011489645381642,0.23855936180684906,0.05182305821622455,0.45365081226813375,0.0739568656810778,0.08173528767944235,-0.4299446183400115,-0.48848208646235275,0.6285955501406004,-0.3165444966200901,0.31654449662009115,0.04132730628527819,0.8563487744476118,0.10930978461536968,-0.305705422987729,0.15262204485725475,-0.4732396483837825
T81,-0.43893842130433974,-0.18398830827521714,-0.07064416247116835,1.214117593277935,0.20195195951750441,-0.34667561317902923,-0.4557945751606766,-0.5586258807604964,-0.3775874103414041,-0.3207271072399318,0.3990482020713899,0.3111408695462239,0.5240660206652074,0.5388150657683553,0.5817518361833098,-0.1922158973577088,0.5465929048157343,0.854764327298145,0.23855936180684906,0.15766534416438288,0.45365081226813375,0.0739568656810778,0.08173528767944235,-0.4299446183400115,-0.3568568847910877,0.7303607076976094,-0.5088378824173412,0.5088378824173401,0.1281840670531499,0.8563487744476118,-0.07766376845224568,-0.28450112293903596,0.14332107319792434,-0.7871927321795469
T82,-0.43893842130433974,-0.3198407510242904,-0.09304291670089647,1.0244234508288745,0.05690359080327463,-0.329194394148096,-0.6608232767900467,-0.6220231049207613,-0.049620373073652725,0.24650705515873203,0.6277399889592482,0.3111408695462239,0.5240660206652074,0.4865067039682387,0.5817518361833098,-0.1922158973577088,0.3514016324926163,0.7626118324031026,0.23855936180684906,0.1232967725950765,1.11628683018788,0.0739568656810778,0.08173528767944235,-0.4299446183400115,-0.3605646369508416,0.7303607076976094,-0.5088378824173412,0.5088378824173401,1.596625647725886,0.8563487744476118,-0.011723679738237635,-0.24148668569740148,0.3050359643916453,-0.807667933296662
T83,-0.43893842130433974,-0.2515895238058564,-0.0706591161548109,0.9341093679657034,-0.08814477791095514,-0.535671759900642,-0.6608232767900467,-0.564193900142403,0.007876249694230364,0.1616204958499473,0.582522554514425,0.3111408695462239,0.5240660206652074,0.4215430933455114,0.46227673554534726,-0.022913852624037497,0.4267244929849817,0.8096631995647496,0.23855936180684906,0.15226059889000165,1.11628683018788,0.0739568656810778,0.08173528767944235,-0.4299446183400115,-0.2326471874393305,0.7303607076976094,-0.7011312682145923,0.7011312682145912,0.4472279227214052,0.8563487744476118,-0.027746302269459778,-0.14758192833890363,0.4520442838062819,-1.0874956818972346
T84,-0.43893842130433974,-0.6155960689708373,-0.2987627175861739,1.02882475069892,-0.2331931466251845,-0.5686919037974565,-0.8658519784194163,-0.5061677267709811,-0.27897676416964007,-0.24494144610265345,0.5269889600721129,0.3111408695462239,0.5240660206652074,0.5118172016134566,0.46227673554534726,-0.022913852624037497,0.822834260703127,1.1133351103048346,0.23855936180684906,-0.1889696473470825,1.11628683018788,0.0739568656810778,0.08173528767944235,-0.8957179548750228,-0.5719065100568165,0.8321258652546183,-0.8934246540118432,0.8934246540118422,-0.11243383778855846,0.8563487744476118,-0.29449531633233017,-0.269961031477075,0.18612346232390395,0.09324091585640097
T85,-0.43893842130433974,-0.6058458936539182,-0.28881154128815284,0.5812740151044324,-0.37824151533941425,-0.5975781182373751,-0.6608232767900467,-0.9430468143177592,0.05182572298803522,0.1837935932132552,0.4747760218565606,0.3111408695462239,0.5240660206652074,0.3506736999389004,0.5817518361833098,-0.029576759078705453,0.598921894050803,1.065876614038723,0.23855936180684906,-0.13964433380938354,1.11628683018788,0.0739568656810778,0.08173528767944235,-0.4299446183400115,-0.29011734591551663,0.9338910228116272,-0.3165444966200901,0.31654449662009115,-0.1768522649002123,0.8563487744476118,0.0259274247456798,-0.1596986712238711,0.5537520395505806,-0.12174869587330722
T86,-0.43893842130433974,-0.6955475065695742,-0.33207956749099704,0.7903859419645846,-0.37824151533941425,-0.5882800881540818,-0.8658519784194163,-0.798453565063223,0.031189948789152527,0.1846209475924833,0.5791767404094795,0.3111408695462239,0.5240660206652074,0.44010412495200457,0.7609644871402537,-0.04362505582047524,0.8343711669844827,1.2176897708005732,0.23855936180684906,-0.22118287757161462,1.11628683018788,0.0739568656810778,0.08173528767944235,-0.4299446183400115,-0.4773588299830909,0.9338910228116272,-0.5088378824173412,0.5088378824173401,-0.3221461895848008,0.8563487744476118,-0.093877473529168,-0.25602677715936245,0.35768470105269057,-0.13198629643186477
T87,-0.43893842130433974,-0.8164496804993714,-0.38774418888366124,0.5149093696454847,-0.5232898840536441,-0.4905492103221772,-0.6608232767900467,-1.0333468899658393,0.03245014874022824,0.2096070498451664,0.40510363082011763,0.3111408695462239,0.5240660206652074,0.43335465891327984,0.6414893865022911,-0.10302928204281604,0.8474979029495555,1.2679234070677254,0.23855936180684906,-0.20324017312363274,1.11628683018788,0.0739568656810778,0.08173528767944235,-0.4299446183400115,-0.4903359625422297,0.9338910228116272,-0.3165444966200901,0.31654449662009115,-0.04330240991795868,0.8563487744476118,-0.17011681755388872,-0.32085135159393835,0.19920920865158176,-0.8383807349723346
T88,-0.43893842130433974,-0.6786472026869144,-0.320666623730217,0.11885276008046494,-0.5232898840536441,-0.7580916462040213,-0.8658519784194163,-1.205327936375037,0.40090110943632623,0.4515254703314109,0.28770494611222097,0.3111408695462239,0.39243366953927505,0.21652806241924535,0.5817518361833098,-0.10302928204281604,0.4073600881329406,1.0396335167530968,0.23855936180684906,-0.031391656164470864,0.45365081226813375,0.0739568656810778,0.08173528767944235,-0.4299446183400115,-0.14366113560523577,1.0356561803686362,-0.3165444966200901,0.31654449662009115,0.1981488667317694,0.8563487744476118,0.18176168126549827,-0.10153830537602725,0.7390685587094907,-0.9782946092726208
T89,-0.43893842130433974,-1.0777543789928041,-0.5843314015400931,0.5513247776676284,-0.5232898840536441,-0.22506100818122537,-1.0708806800487864,-1.2617172090922575,-0.11798622041957099,0.19521108364660048,0.4839856743939243,0.3111408695462239,0.39243366953927505,0.4856630207133977,0.5817518361833098,-0.10302928204281604,1.134155314357914,1.5595604685202067,0.23855936180684906,-0.5384543923513873,0.45365081226813375,0.0739568656810778,0.08173528767944235,-0.8957179548750228,-0.6868468270091889,1.1374213379256446,-0.7011312682145923,0.7011312682145912,-0.07943878698172278,0.8563487744476118,-0.08175270835252858,-0.29661786582400346,0.381118053778364,-0.17976176570513325
T90,-0.43893842130433974,-1.1453555945234435,-0.6309103135188987,0.3596134151046235,-0.6683382527678734,0.02561877819143849,-0.8658519784194163,-1.0238779371875353,-0.22699351618772037,0.14755547140307224,0.48490600824235086,0.3111408695462239,0.39243366953927505,0.4822882876940347,0.6414893865022911,-0.10302928204281604,0.8242246926581105,1.3911586543625192,0.23855936180684906,-0.4252650170749581,1.11628683018788,0.0739568656810778,0.47527556169157587,-0.4299446183400115,-0.7313398529262362,1.1374213379256446,-0.3165444966200901,0.31654449662009115,2.983819545358028,0.8563487744476118,-0.2614569993891521,-0.2996470515452453,0.4086301728553987,-1.0158324779873318
T91,-0.43893842130433974,-1.1122049984459184,-0.6076231617134534,0.3102466933686615,-0.6683382527678734,-0.006287909145655995,-0.8658519784194163,-1.1047295796036525,-0.25282761518479396,0.1291882041842131,0.48645293360254127,0.3111408695462239,0.5240660206652074,0.4350420254229607,0.6414893865022911,-0.10302928204281604,0.5051485809182045,1.1962649483635015,0.23855936180684906,-0.3027397646644395,1.11628683018788,0.0739568656810778,0.47527556169157587,-0.4299446183400115,-0.6423538010921415,1.1374213379256446,-0.12425111082283906,0.12425111082284013,-0.2940441640294202,0.8563487744476118,-0.23430535524024132,-0.25360342858236895,0.5216320664813101,-0.7974303327381044
T92,-0.43893842130433974,-1.1538057464647733,-0.6252985012774157,0.15571041408287975,-0.8133866214821032,0.4595515172160508,-0.8658519784194163,-0.722729676109484,-0.3714439355799064,0.2119236421070053,0.5439152605094542,0.3111408695462239,0.5240660206652074,0.4460099077358894,0.5220142858643285,-0.10302928204281604,-0.03709820671127678,0.8669885453008643,0.23855936180684906,-0.3073386718144889,1.7789228481076254,0.0739568656810778,1.2623561097158418,-0.4299446183400115,-0.6201072881336178,1.2391864954826535,0.452629046568913,-0.452629046568913,0.08070210146709914,0.8563487744476118,-0.3374864706705335,-0.25118008000537545,0.5556234335656092,-1.002182343909255
T93,-0.43893842130433974,-1.289008177526052,-0.708494102533766,-0.04004517329724555,-0.9584349901963329,0.5496379921878985,-0.8658519784194163,-0.8664577090857585,-0.36088976098963654,0.3148465268829583,0.5947965825379147,0.3111408695462239,0.39243366953927505,0.4240741431100333,0.5220142858643285,-0.29545080941437135,-0.005637825388461267,0.9391164683459603,0.23855936180684906,-0.2164290278205919,2.441558866027371,0.6748563993398428,1.6558963837279752,0.035828718195001066,-0.738755357245744,1.2391864954826535,0.6449224323661641,-0.6449224323661641,-0.15782832836034652,0.8563487744476118,-0.38570804154776656,-0.27359605434256523,0.5781895534338831,-0.03984789140484696
T94,-0.43893842130433974,-1.280558025584722,-0.6668048826589654,-0.2686640625621306,-0.9584349901963329,0.9828719996742186,-0.4557945751606766,-0.5051365198859027,-0.49856660564478344,0.32891155132983335,0.6887243660559978,0.3111408695462239,0.39243366953927505,0.49241248675212235,0.5220142858643285,0.09059638504946237,-0.19386836968013915,0.8301482731488287,0.23855936180684906,-0.17472351429738575,2.441558866027371,0.6748563993398428,1.6558963837279752,0.035828718195001066,-0.6942623313286967,1.2391864954826535,1.0295092039606661,-1.0295092039606661,-0.23199235103277366,0.8563487744476118,-0.2684170846390092,-0.27359605434256523,0.5686240623012527,-0.0944484277171538
T95,-0.43893842130433974,-1.3000583762185602,-0.6809181846705229,-0.6838128929285349,-1.248531727624792,1.3309781863226628,-0.4557945751606766,-0.571118185554228,-0.28023696412071575,0.7458981584607058,0.628422638889714,0.3111408695462239,0.39243366953927505,0.44516622448104837,0.7012269368212724,0.09059638504946237,-0.4758164863290669,0.6600815408358012,0.23855936180684906,-0.2607929582871987,2.441558866027371,0.6748563993398428,1.6558963837279752,0.035828718195001066,-0.5960068990952172,1.3409516530396624,1.4140959755551683,-1.4140959755551683,-0.027383390187098188,0.8563487744476118,-0.09325441514761616,-0.21967654850446,0.7560362856512244,-0.8281431344137771
T96,-0.43893842130433974,-1.1798062139765577,-0.6147500924673978,-0.8505105023963538,-1.1034833589105626,0.8177123494627854,-0.6608232767900467,-0.3544343134833285,-0.2230553913406052,0.34794070205207517,0.40854269512348146,0.3111408695462239,0.39243366953927505,0.2612432749257974,0.7012269368212724,0.09059638504946237,-0.4850005004653977,0.6585838664388185,0.23855936180684906,-0.3231188146705478,1.11628683018788,0.0739568656810778,1.2623561097158418,0.035828718195001066,-0.4625278213440751,1.2391864954826535,0.8372158181634152,-0.8372158181634152,0.21744587413105898,0.8563487744476118,-0.32155384431675943,-0.2002897598885121,0.7036008786072863,-0.8588559360894497
T97,-0.43893842130433974,-1.2695078268922138,-0.6643058476721851,-0.6933820175956724,-1.1034833589105626,0.9440675852272006,-0.6608232767900467,-0.2273856928765929,-0.32229613748790703,0.3668043818984716,0.5141165591481973,0.3111408695462239,0.39243366953927505,0.31017690370655226,0.7012269368212724,0.09059638504946237,-0.37162589920447914,0.7431047004758952,0.23855936180684906,-0.36127362530205276,1.7789228481076254,0.0739568656810778,1.6558963837279752,0.035828718195001066,-0.5496599970982928,1.3409516530396624,1.0295092039606661,-1.0295092039606661,0.12256487559033796,0.8563487744476118,-0.28640540926131053,-0.18453799413805436,0.7958877286938674,-0.9714695422335825
T98,-0.43893842130433974,-1.3117585865988632,-0.716646989363213,-1.0118723063298425,-1.1034833589105626,-0.059331933202111976,-1.0708806800487864,-1.5953750738409826,1.2151478028258584,1.5737489503161641,0.021514561459223095,0.3111408695462239,0.39243366953927505,-0.15469256971062062,0.5220142858643285,-0.25788165012780984,-0.3241572832409205,0.80101601265515,0.23855936180684906,-0.9835749209629062,-0.20898520565161158,-0.5269426679776863,0.08173528767944235,-0.8957179548750228,-0.16776152464363644,1.54448196815368,0.452629046568913,-0.452629046568913,-0.012849952224425575,0.8563487744476118,0.34326101516651497,0.3201243470208404,2.378555263061285,-0.5449028522936853
T99,-0.43893842130433974,-1.3748097203149403,-0.7713076363388337,-1.0704574095950428,-1.248531727624792,0.08276452759967931,-1.0708806800487864,-1.1453216653297835,0.8800921408332991,1.2730883689047379,0.19652838654590624,0.3111408695462239,0.39243366953927505,-0.1302257553202426,0.46227673554534726,-0.25788165012780984,-0.5618163114374909,0.5456137684951167,0.23855936180684906,-1.116181297098342,-0.8716212235713569,-0.5269426679776863,0.08173528767944235,-0.8957179548750228,-0.38466502598924224,1.54448196815368,0.6449224323661641,-0.6449224323661641,0.3776595814757273,0.8563487744476118,-0.031495894205256496,0.11413971797639352,1.8572891522204489,-0.6848167265939715
T100,-0.43893842130433974,-1.3176086917890149,-0.69693774362752,-0.5217024180520405,-0.9584349901963329,0.09997738435572001,-1.0708806800487864,-0.6604526291838221,0.3801078102435555,0.7837909890293441,0.4505162375592639,0.3111408695462239,0.39243366953927505,0.07141454258666166,0.46227673554534726,-0.25788165012780984,0.30298696848073625,1.02638332741013,0.23855936180684906,-1.09646982724076,-0.8716212235713569,-0.5269426679776863,-0.31180498633269116,-0.8957179548750228,-0.4569661931044442,1.4427168105966712,0.068042274974412,-0.06804227497441093,-0.02062741485023986,0.8563487744476118,-0.37908938465763364,-0.06821726244236678,1.2418269740001922,-0.770130064581951
T101,-0.43893842130433974,-1.2298571139367427,-0.6144205129379222,-0.4629341325054612,-0.8133866214821032,0.10506119716647563,-1.0708806800487864,-0.08230736538162775,0.620490950911466,0.9672981903420977,0.381274400060528,0.3111408695462239,0.39243366953927505,-0.0348895475232548,0.3428016349073847,-0.25788165012780984,1.0238238047088912,1.5025540446780579,0.23855936180684906,-1.0844216740223773,-0.8716212235713569,-0.5269426679776863,0.08173528767944235,-0.8957179548750228,-0.3030944784746555,1.4427168105966712,0.6449224323661641,-0.6449224323661641,1.3478338218254218,0.8563487744476118,-0.14341735948693649,0.10808134653390981,1.6472053737240835,-0.9953572768702167
T102,-0.43893842130433974,-1.2844580957114897,-0.6968447811333831,-0.8245517994905235,-1.1034833589105626,-0.28571740760103304,-1.2759093816781566,-0.4340369985737728,0.8151918433528427,0.9624995349425755,0.3210973199162639,0.3111408695462239,0.39243366953927505,-0.21290671429462207,0.7012269368212724,-0.5818755109837118,0.5409380416956239,1.2065422187989345,0.23855936180684906,-1.0666368393025913,-0.8716212235713569,-0.5269426679776863,-0.31180498633269116,-0.8957179548750228,-0.2734324611966239,1.54448196815368,0.260335660771662,-0.260335660771662,1.1296886373407478,0.8563487744476118,-0.07602354340854045,0.18259931527645973,1.8832143005405053,-1.2649474249122317
T103,-0.43893842130433974,-1.4515110994747042,-0.8218251211631359,-0.9334016103678421,-1.248531727624792,-0.37481685915332363,-1.480938083307526,-0.5079981013990574,0.7436754961292316,0.8486555723608135,0.295138833546423,0.3111408695462239,0.4670908239092068,-0.20700093151073842,0.7609644871402537,-0.5818755109837118,0.29589898258445885,1.036719856268042,0.23855936180684906,-1.0942317457664987,-0.20898520565161158,-0.5269426679776863,-0.31180498633269116,-1.3614912914100354,-0.47179720174346,1.54448196815368,0.260335660771662,-0.260335660771662,-0.0643288660935998,0.8563487744476118,-0.2205824902972588,0.09959962651443266,1.7998601473143094,-0.7667175310624318
T104,-0.43893842130433974,-1.3923600358853947,-0.8098618750044321,-0.8441287519940684,-1.248531727624792,0.7798368640060462,-1.0708806800487864,-0.31602964071078743,0.5111686051555513,1.2385049558530103,0.3503068595944454,0.3111408695462239,0.5240660206652074,0.017418814276862996,0.8804395877782162,-0.3077330345657472,0.39997693574067145,1.07957790606693,0.23855936180684906,-1.219483812326515,-0.8716212235713569,-0.5269426679776863,0.8688158357037082,-0.8957179548750228,-0.6664541901305422,1.54448196815368,1.0295092039606661,-1.0295092039606661,0.24662602389438734,0.8563487744476118,0.012081041030582416,0.01599410060815712,1.6636020629073576,-1.0294826120654086
T105,-0.43893842130433974,-2.2386752533939753,-3.684640105534647,3.812345185111503,6.874176920372068,-2.1304343756798527,-2.096024188195636,0.7347864002488056,-0.6693236990156964,-2.3545296422580093,-1.9956511769134444,-9.310138566201152,0.4670908239092068,1.070335516317935,-5.92964114858565,-0.649628439269733,6.429551243431693,3.2642668418320433,0.23855936180684906,-3.8193602602678185,0.45365081226813375,-1.1278422016364504,-1.4924258083690904,-2.758811301015072,-1.8269806161335271,-3.238480437025735,-2.6240651261871006,2.6240651261871015,0.9566345313618352,-1.1677299142659512,-2.0682988681782577,-0.589843043640216,-1.4904287030160381,-1.1113834165338687
T106,-0.43893842130433974,-1.5574630045852254,-0.8076068270217154,-0.39605964474725347,-0.9584349901963329,0.7056806980022313,-1.0708806800487864,-0.3238370368869612,0.14082734453283977,0.6696160846958912,0.3619465289613676,0.3111408695462239,0.5240660206652074,0.09166294070283572,0.6414893865022911,-0.2857374156672048,1.304053554857321,1.6093398374060013,0.23855936180684906,-1.1130024369347953,0.45365081226813375,-0.5269426679776863,0.8688158357037082,-0.8957179548750228,-0.9463894781919651,1.54448196815368,0.6449224323661641,-0.6449224323661641,0.9682896001914691,0.8563487744476118,-0.33173143830783247,-0.18938469129204136,1.1988634311723603,-0.5039524500594551
T107,-0.43893842130433974,-1.2402573009414564,-0.47725302333766983,-0.7463084028405712,-1.1034833589105626,0.6222769847259344,-0.8658519784194163,-0.8063920419617726,0.6496330747801206,1.1028188376596313,0.11783238461321789,0.3111408695462239,0.5240660206652074,-0.03995164705229861,0.6414893865022911,-0.10286873008005296,0.08047607190398112,0.8168676848112675,0.23855936180684906,-0.9109885079559055,-0.20898520565161158,-0.5269426679776863,0.8688158357037082,-0.8957179548750228,-0.5459522449385389,1.4427168105966712,0.8372158181634152,-0.8372158181634152,-0.09358385749988128,0.8563487744476118,-0.012782533062099621,-0.047618799537922106,1.5539455511627673,-0.6609289919573373
T108,-0.43893842130433974,-0.9607522751897746,-0.1193744469793747,0.40810044378578814,-0.08814477791095514,0.14583963567040503,-1.0708806800487864,-0.547275670650565,0.3109543379282149,0.5544483551073648,0.3144205341360424,0.3111408695462239,0.5240660206652074,0.27052379072904403,0.5817518361833098,-0.10286873008005296,1.4190150235972259,1.4095192597857873,0.23855936180684906,-0.8218968051089454,-0.20898520565161158,-1.1278422016364504,0.47527556169157587,-1.3614912914100354,-0.6163995359738639,0.9338910228116272,-1.0857180398090933,1.0857180398090933,-0.1528928254196477,0.8563487744476118,0.2759527461034746,-0.1827204827053093,0.9488678530799617,-0.8247306008942579
T109,-0.43893842130433974,-0.7884991779242032,0.02469721564261914,0.10008513858218104,-0.2331931466251845,0.5766105089374848,-0.6608232767900467,-0.06879921114452345,0.1342112947896851,0.4947133689271086,0.3421552541242739,0.3111408695462239,0.5240660206652074,0.2814916730419715,0.6414893865022911,-0.11731840672873045,0.8212256545514367,1.070265278948299,0.23855936180684906,-0.6501928882345709,-0.20898520565161158,-1.1278422016364504,0.8688158357037082,-0.8957179548750228,-0.48292045822272184,0.9338910228116272,-0.3165444966200901,0.31654449662009115,-0.08437024442820794,0.8563487744476118,0.49015355363101987,-0.06215889099988296,1.129067784812551,-0.8520308690504113
T110,-0.43893842130433974,-1.0569540049833768,-0.23654776716904105,-0.038650721625718115,-0.5232898840536441,0.5278641733185976,-0.8658519784194163,-0.5698488406760829,0.08632369664876507,0.34661693504531077,0.2087423773645385,0.3111408695462239,0.5240660206652074,0.19712334755791114,0.5817518361833098,0.06081399595691042,0.5855868632493303,0.9254422901753858,0.23855936180684906,-0.7642880142445238,-0.20898520565161158,-0.5269426679776863,0.8688158357037082,-0.8957179548750228,-0.6182534120537408,1.1374213379256446,0.068042274974412,-0.06804227497441093,-0.10604195693093214,0.8563487744476118,0.11175829106893011,-0.11183753682824964,1.1369285502586064,-0.4186391120714757
T111,-0.43893842130433974,-1.1109049750703293,-0.24835810785132217,0.14795391076548595,-0.37824151533941425,0.22675855338735584,-1.0708806800487864,-0.6127519324918863,0.3886141599133237,0.6689542011925086,0.29554833256978064,0.3111408695462239,0.5240660206652074,0.20893491312567963,0.6414893865022911,0.06081399595691042,0.7834545410092525,1.0596119723166724,0.23855936180684906,-0.8138439854073494,-0.20898520565161158,-0.5269426679776863,0.8688158357037082,-0.8957179548750228,-0.7202165964469743,1.1374213379256446,-0.3165444966200901,0.31654449662009115,-0.3467023394618842,-1.1677299142659512,0.17659945128581575,-0.13183016258844596,1.2234748201367591,-0.7018793941915674
T112,-0.43893842130433974,-0.9763525556968452,-0.18182270564078296,-0.07831388430033188,-0.37824151533941425,0.1820801954482157,-1.0708806800487864,-0.8883808262214092,0.39444258468705606,0.5863842341455627,0.19507323001507287,0.3111408695462239,0.3551050923543092,0.09756872348671937,0.7012269368212724,-0.10318983400557913,0.6330778680570178,1.0201954591757834,0.23855936180684906,-0.6092450128074341,-0.20898520565161158,-0.5269426679776863,0.8688158357037082,-0.8957179548750228,-0.4551123170245672,1.1374213379256446,-0.12425111082283906,0.12425111082284013,0.2102266897067336,0.8563487744476118,0.24513154283567937,-0.023385313767987158,1.3812001285430846,-0.7018793941915674
T113,-0.43893842130433974,-0.9919528362039158,-0.19229349038345345,0.462972584557045,-0.37824151533941425,0.5096130420651563,-0.8658519784194163,-0.1827595241643695,0.21092596681148715,0.5827438748769594,0.4001449043563893,0.3111408695462239,0.3551050923543092,0.2798043065322906,0.5817518361833098,-0.10318983400557913,0.867840515072632,1.0905900698794253,0.23855936180684906,-0.5657754172781837,-0.20898520565161158,-0.5269426679776863,0.8688158357037082,-0.8957179548750228,-0.5997146512549711,1.1374213379256446,-0.3165444966200901,0.31654449662009115,0.4553654343322378,0.8563487744476118,-0.04347275624509928,-0.1590928340796227,1.0584542937633752,-0.9339316735188715
T114,-0.43893842130433974,-0.9757025440090505,-0.13016571421355866,0.06478943294214498,-0.37824151533941425,0.7231776936937804,-0.6608232767900467,-0.07213989326709616,0.14098486952672423,0.5652039620373274,0.3012498536294813,0.3111408695462239,0.3551050923543092,0.27305484049356593,0.5817518361833098,-0.10318983400557913,-0.010700336788436165,0.5825004613455571,0.23855936180684906,-0.48027647038402016,-0.8716212235713569,-0.5269426679776863,0.47527556169157587,-0.4299446183400115,-0.48292045822272184,1.0356561803686362,-0.12425111082283906,0.12425111082284013,-0.3007637299183552,0.8563487744476118,-0.21115489030002105,-0.14091771975217152,1.0904651794839304,-0.5687905869303195
T115,-0.43893842130433974,-0.9848027076381751,-0.14303004592197935,0.03147688048216624,-0.37824151533941425,1.1523726581365135,-0.6608232767900467,0.5432532237781279,-0.27425101435310256,0.3148465268829583,0.45043828318411366,0.3111408695462239,0.3551050923543092,0.4620398895778607,0.5817518361833098,-0.06112521976165131,-0.13663529948261618,0.4696327476457494,0.23855936180684906,-0.44878926528155527,-0.20898520565161158,-0.5269426679776863,0.8688158357037082,-0.4299446183400115,-0.6683080662104192,1.0356561803686362,-0.12425111082283906,0.12425111082284013,-0.24709822642668294,-1.1677299142659512,-0.35928926841919084,-0.269961031477075,0.714615182666231,-0.5790281874888771
T116,-0.43893842130433974,-0.6857973312526551,-0.02036261924423588,0.22311711299997136,-0.37824151533941425,0.7871698032089628,-0.4557945751606766,0.3555233700503634,0.008978924651421612,0.4151218776453825,0.2937947166560619,0.3111408695462239,0.3551050923543092,0.2713674739838839,0.5817518361833098,-0.02797123945107462,-0.09068641615550208,0.4805734824663701,0.23855936180684906,-0.14342247448626672,-0.20898520565161158,-0.5269426679776863,0.47527556169157587,-0.4299446183400115,-0.1770309050430213,1.1374213379256446,0.260335660771662,-0.260335660771662,-0.2320510106988721,-1.1677299142659512,0.05998657115520634,-0.040954590951189924,1.1045797140986253,-0.9509943411164674
T117,-0.43893842130433974,-0.6591468520530761,0.030895213992859334,0.04519332559404443,-0.5232898840536441,0.810765343394382,-0.4557945751606766,0.4551321603992459,-0.04048392342834665,0.39245236765453734,0.34122923788702114,0.3111408695462239,0.3551050923543092,0.24436960982898512,0.5817518361833098,-0.02797123945107462,-0.3556018225359043,0.23570543771446728,0.23855936180684906,-0.18522243664784957,-0.20898520565161158,-0.5269426679776863,0.47527556169157587,-0.4299446183400115,-0.14366113560523577,1.0356561803686362,0.068042274974412,-0.06804227497441093,-0.1841564047030251,0.8563487744476118,0.045031485810786455,-0.01732694232550345,1.1642808668999092,-1.0636079472606004
T118,-0.43893842130433974,-0.8528503350158695,-0.061955576383684076,-0.3202848898768767,-0.6683382527678734,0.9468303680029151,-0.4557945751606766,0.5769698931927354,-0.2539302901419888,0.2431976376418205,0.3932819024099007,0.3111408695462239,0.3551050923543092,0.2587122251612755,0.7609644871402537,-0.08649242987821847,-0.6238358074698072,0.023871025695255305,0.23855936180684906,0.08294271371046105,0.45365081226813375,0.0739568656810778,0.8688158357037082,-0.4299446183400115,-0.3976421585483811,1.0356561803686362,0.452629046568913,-0.452629046568913,0.8600989256877158,0.8563487744476118,-0.2612809436703234,0.017205774896653838,1.2677060575364592,-0.4357017796690716
T119,-0.43893842130433974,-0.9081013284784113,-0.1035252266382783,-0.2734078157817071,-0.8133866214821032,1.1123859289017228,-0.4557945751606766,0.6762669698717552,-0.3552188612097887,0.2746371040524812,0.5045620278691143,0.3111408695462239,0.3551050923543092,0.34729896691953865,0.7609644871402537,-0.08649242987821847,-0.5235053494317767,0.10829634924436929,0.23855936180684906,0.10960357387769462,0.45365081226813375,0.0739568656810778,1.2623561097158418,0.035828718195001066,-0.5125824755007534,1.0356561803686362,0.452629046568913,-0.452629046568913,0.42377012452333807,0.8563487744476118,-0.3649563377455091,-0.10577916538576587,1.1444933032092512,-0.6302161902816648
T120,-0.43893842130433974,-0.8307499376308528,0.007220369343062385,-0.7819005759796772,-0.9584349901963329,1.0042857202734101,-0.4557945751606766,0.3109467817787153,-0.09293974639191972,0.5896936516624742,0.4108438992071132,0.3111408695462239,0.3551050923543092,0.21484069590956328,0.7012269368212724,-0.08649242987821847,-0.9482270311651241,-0.1050586822542079,0.23855936180684906,0.9512126564311171,1.7789228481076254,1.2757559329986068,1.6558963837279752,0.5016020547300137,-0.26972470903686996,1.0356561803686362,1.0295092039606661,-1.0295092039606661,0.19027431224482652,0.8563487744476118,0.06371061312339774,0.09051206935070705,1.5913422793011494,-0.7940177992185853
T121,-0.43893842130433974,-0.8333499843820312,-0.004101723735964858,-0.7366782236341883,-0.9584349901963329,1.526321511164468,-0.25076587353130647,0.5854710044408793,-0.2959894635091765,0.6682923176891268,0.5321967455025329,0.3111408695462239,0.3551050923543092,0.3565794827227852,0.7012269368212724,-0.10029989867584363,-1.2016940286597622,-0.29320654487593706,0.23855936180684906,1.1253117439406892,1.7789228481076254,1.2757559329986068,2.0494366577401077,0.967375391265025,-0.403203786788012,1.0356561803686362,1.0295092039606661,-1.0295092039606661,0.14741634654502053,0.8563487744476118,0.12408401733662412,0.0002423348576994302,1.419673596655415,-0.8213180673747387
T122,-0.43893842130433974,-0.6253462442877564,0.23109188165708855,-0.06911751309493887,-0.8133866214821032,1.1089999647969442,-0.25076587353130647,0.4185347509003432,-0.19359821748418177,0.4925622475411161,0.4270871281948341,0.3111408695462239,0.3551050923543092,0.35236106644858245,0.7012269368212724,-0.10029989867584363,-0.3549236976227741,0.41014013813506284,0.23855936180684906,1.5120960905730156,1.7789228481076254,1.2757559329986068,2.0494366577401077,0.967375391265025,-0.3142177349539173,0.8321258652546183,0.8372158181634152,-0.8372158181634152,0.620227414528433,0.8563487744476118,0.10344381399526235,-0.0070277108732811075,1.31667333660633,-0.9680570087140633
T123,-0.43893842130433974,-0.8177497038749606,-0.019685659402355248,-0.6792570668813825,-1.248531727624792,1.2404021347587237,-0.4557945751606766,-0.3154958191134456,-0.11971899535230368,0.648104870835965,0.32134731449544607,0.3111408695462239,0.3551050923543092,0.24943170935802894,0.5220142858643285,0.14261522098470134,-1.0388934324391321,-0.1227682191349268,0.23855936180684906,1.1438285556078949,1.11628683018788,1.2757559329986068,2.0494366577401077,0.967375391265025,-0.3253409914331791,0.9338910228116272,1.6063893613524194,-1.6063893613524183,0.007715317610855125,0.8563487744476118,0.1733595489133915,-0.014903593748509898,1.4534025137730855,-0.9544068746359866
T124,-0.43893842130433974,-0.6994475766963418,0.012522352203276958,-0.4204094101762312,-1.1034833589105626,1.188494036338287,-0.25076587353130647,0.04547673705261642,-0.16272331868280174,0.5478295200735409,0.35601708755462974,0.3111408695462239,0.3551050923543092,0.2764295735129277,0.402539185226366,0.14261522098470134,-0.7495073829119078,0.12216348455918631,0.23855936180684906,1.2599538394884098,1.11628683018788,1.2757559329986068,1.6558963837279752,0.967375391265025,-0.2178161788003147,0.9338910228116272,1.6063893613524194,-1.6063893613524183,1.0421279605796945,0.8563487744476118,0.2833040813623161,0.011147403454170129,1.4468741819370048,-0.8759186036870455
T125,-0.43893842130433974,-0.9009511999126706,-0.0980992025875057,-0.14355526220293552,-1.1034833589105626,1.78520439666291,-0.25076587353130647,0.15830699010995866,-0.5053401803818226,0.48511605812806496,0.49489081308590255,0.3111408695462239,0.3551050923543092,0.4485409575004113,0.5220142858643285,0.14261522098470134,-0.9839999393293105,-0.09612702107656834,0.23855936180684906,1.4203039177215593,2.441558866027371,1.876655466657371,2.0494366577401077,0.967375391265025,-0.5644910057373086,0.9338910228116272,1.4140959755551683,-1.4140959755551683,0.4942952251505532,0.8563487744476118,0.06436990576213339,-0.16333369408936133,1.089459971399397,-0.6336287238011838
T126,-0.43893842130433974,-0.8912010245957515,-0.09845573978680681,-0.20058203801267857,-1.1034833589105626,1.5997851266415313,-0.25076587353130647,0.30684594868335574,-0.24006809068014162,0.796201304717763,0.41062519807654474,0.3111408695462239,-2.3855983378050283,0.34729896691953865,0.5220142858643285,0.14261522098470134,-1.0589255089390088,-0.1449070484751474,0.23855936180684906,1.3943717170908931,2.441558866027371,1.876655466657371,2.0494366577401077,0.967375391265025,-0.44769681270505934,1.0356561803686362,1.6063893613524194,-1.6063893613524183,0.11796919416358885,0.8563487744476118,0.25812844071410074,-0.06458223957687652,1.3957471535313788,-0.7360047293867592
T127,-0.43893842130433974,-0.5954457066492045,0.038039321390850506,0.6921925812857013,-0.6683382527678734,1.3211217075481476,-0.25076587353130647,0.5643994655763194,-0.11861632039510885,0.7677403140723229,0.4406475997636049,0.3111408695462239,-2.3855983378050283,0.3768278808389593,0.5817518361833098,0.14261522098470134,-0.3708256215662499,0.22971666607619878,0.23855936180684906,1.6102773040128449,1.7789228481076254,1.876655466657371,1.6558963837279752,0.967375391265025,-0.3568568847910877,0.8321258652546183,1.0295092039606661,-1.0295092039606661,0.9100648247209709,0.8563487744476118,0.26646445357399795,-0.06579391386537323,1.2193798629390873,-0.7735425981014702
T128,-0.43893842130433974,-0.5525449352547603,0.17772533108081132,0.6237565462326701,-0.6683382527678734,1.237441240584494,-0.25076587353130647,0.4989704267651954,-0.0990832211534174,0.7538407605012942,0.42233872251776833,0.3111408695462239,-2.3855983378050283,0.35489211621310435,0.6414893865022911,0.13338348312582404,-0.37836771676050135,0.2277939072349124,0.23855936180684906,1.9884995108068746,1.7789228481076254,1.876655466657371,1.6558963837279752,0.967375391265025,-0.3494413804715798,0.8321258652546183,1.0295092039606661,-1.0295092039606661,0.972086296511015,0.8563487744476118,0.43545124383029715,-0.03247287093171278,1.347949145730802,-0.886156204245603
T129,-0.43893842130433974,-0.6955475065695742,0.2834587156404812,0.5300813367305464,-0.6683382527678734,1.5227654104313786,-0.25076587353130647,0.5533522969721237,-0.13436881978356957,0.8736416746134965,0.48691525991873347,0.3111408695462239,-2.3855983378050283,0.39201417942609074,0.5817518361833098,2.8685467207577102,-0.14224901654677855,0.5149284284718028,0.23855936180684906,1.5114038249849135,1.11628683018788,1.2757559329986068,1.6558963837279752,0.5016020547300137,-0.40505766286788897,0.9338910228116272,1.4140959755551683,-1.4140959755551683,0.9819977573345495,0.8563487744476118,0.42233830666712413,-0.05246549669190909,1.44034172326115,-0.40840151151291815
T130,-0.43893842130433974,-0.5772453793909554,0.36698886388782587,0.943333593603485,-0.5232898840536441,1.6384261228388548,-0.25076587353130647,0.8134250745479434,-0.3868813849805946,0.6246080064658928,0.6052740448328005,0.3111408695462239,-2.3855983378050283,0.47638250491015105,0.7012269368212724,0.7488594323781037,-0.43356987999192875,0.22650149036921624,0.23855936180684906,1.6378533792916214,1.7789228481076254,1.2757559329986068,2.0494366577401077,0.5016020547300137,-0.4273041758264126,0.8321258652546183,1.6063893613524194,-1.6063893613524183,1.1549830899118292,0.8563487744476118,0.21464004283458774,-0.13183016258844596,1.133349801066173,-0.5653780534108003
